{
    "wcss_score_of_model": 7021,
    "clusters_info": [
        {
            "cluster": 0,
            "average_cluster_distance": 6.636363636363637,
            "variance": 5.367768595041324,
            "mean": [
                8.5,
                3.0,
                2.0,
                1.0,
                1.0,
                1.0,
                1.0,
                1.0,
                1.0,
                1.0,
                2.0,
                2.0,
                3.0,
                3.0,
                5.0,
                2.0,
                1.0,
                2.0,
                1.0,
                2.0
            ]
        },
        {
            "cluster": 1,
            "average_cluster_distance": 6.428571428571429,
            "variance": 3.887755102040814,
            "mean": [
                7.535714285714286,
                2.0,
                1.0,
                1.0,
                1.0,
                1.0,
                1.0,
                1.0,
                2.0,
                1.0,
                2.0,
                2.0,
                2.0,
                2.0,
                8.0,
                3.0,
                2.0,
                2.0,
                1.0,
                3.0
            ]
        },
        {
            "cluster": 2,
            "average_cluster_distance": 6.645833333333333,
            "variance": 4.062065972222222,
            "mean": [
                7.354166666666667,
                2.0,
                2.0,
                1.0,
                1.0,
                1.0,
                2.0,
                1.0,
                2.0,
                1.0,
                3.0,
                3.0,
                4.0,
                3.0,
                4.0,
                3.0,
                2.0,
                2.0,
                2.0,
                2.0
            ]
        }
    ]
}