{
    "wcss_score_of_model": 74791.12918206271,
    "clusters_info": [
        {
            "cluster": 0,
            "average_cluster_distance": 15.742812711016736,
            "variance": 54.47730427750278,
            "mean": [
                7.733333333333333,
                3.0,
                2.0,
                2.0,
                1.0,
                2.0,
                2.0,
                1.0,
                2.0,
                1.0,
                3.0,
                3.0,
                4.0,
                3.0,
                4.0,
                3.0,
                2.0,
                2.0,
                2.0,
                2.0
            ]
        },
        {
            "cluster": 1,
            "average_cluster_distance": 21.84707719971844,
            "variance": 83.34354756132731,
            "mean": [
                8.013698630136986,
                2.0,
                1.0,
                1.0,
                1.0,
                1.0,
                1.0,
                1.0,
                2.0,
                1.0,
                2.0,
                2.0,
                2.0,
                3.0,
                8.0,
                3.0,
                2.0,
                2.0,
                1.0,
                2.0
            ]
        },
        {
            "cluster": 2,
            "average_cluster_distance": 21.92007552809247,
            "variance": 70.51312043589483,
            "mean": [
                7.377777777777778,
                2.0,
                2.0,
                1.0,
                1.0,
                1.0,
                2.0,
                1.0,
                2.0,
                1.0,
                2.0,
                2.0,
                4.0,
                3.0,
                4.0,
                3.0,
                2.0,
                2.0,
                2.0,
                3.0
            ]
        }
    ]
}