{
    "wcss_score_of_model": 11320.671085858594,
    "clusters_info": [
        {
            "cluster": 0,
            "average_cluster_distance": 8.098090277777777,
            "variance": 3.3406387140721434,
            "mean": [
                4.854166666666667,
                2.0,
                1.0,
                1.0,
                1.0,
                1.0,
                1.0,
                1.0,
                2.0,
                1.0,
                2.0,
                2.0,
                2.0,
                3.0,
                8.0,
                2.0,
                1.0,
                2.0,
                1.0,
                2.0
            ]
        },
        {
            "cluster": 1,
            "average_cluster_distance": 8.20888888888889,
            "variance": 5.465007407407408,
            "mean": [
                5.044444444444444,
                2.0,
                2.0,
                1.0,
                1.0,
                1.0,
                2.0,
                1.0,
                2.0,
                1.0,
                3.0,
                3.0,
                4.0,
                2.0,
                4.0,
                3.0,
                2.0,
                2.0,
                2.0,
                3.0
            ]
        },
        {
            "cluster": 2,
            "average_cluster_distance": 8.95305785123967,
            "variance": 5.919779905744142,
            "mean": [
                12.527272727272727,
                3.0,
                2.0,
                1.0,
                1.0,
                1.0,
                1.0,
                1.0,
                2.0,
                1.0,
                2.0,
                2.0,
                3.0,
                3.0,
                8.0,
                3.0,
                2.0,
                2.0,
                1.0,
                2.0
            ]
        }
    ]
}